<?xml version="1.0" encoding="UTF-8"?>
<ExtensionManifest xmlns:xsi="http://www.w3.org/2001/XMLSchema-instance" Version="5.0" ExtensionBundleId="NewHighLight" ExtensionBundleVersion="6.0.0.20140911-m-60" ExtensionBundleName="panel">
	<ExtensionList>
		<Extension Id="NewHighLight.extension" Version="6.1"/>
	</ExtensionList>
	<ExecutionEnvironment>
		<HostList>
			<Host Name="PHSP" Version="15.0"/>
			<Host Name="PHXS" Version="15.0"/>
			<Host Name="AEFT" Version="13.0"/>
			<Host Name="IDSN" Version="10.1"/>
		</HostList>
		<LocaleList>
			<Locale Code="All"/>
		</LocaleList>
		<RequiredRuntimeList>
			<RequiredRuntime Name="CSXS" Version="4.0"/>
		</RequiredRuntimeList>
	</ExecutionEnvironment>
	<DispatchInfoList>
		<Extension Id="NewHighLight.extension">
			<DispatchInfo>
				<Resources>
					<MainPath>./index.html</MainPath>
				</Resources>
				<UI>
					<Type>Panel</Type>
					<Menu>New HighLight</Menu>
					<Geometry>
						<Size>
							<Height>400</Height>
							<Width>400</Width>
						</Size>
					</Geometry>
				</UI>
			</DispatchInfo>
		</Extension>
	</DispatchInfoList>
</ExtensionManifest>